Year,Month,Visits,Visits Where Overdoses Occurred
2017,August,89,2
2017,September,272,3
2017,October,373,5
2017,November,514,13
2017,December,731,11
2018,January,1535,36
2018,February,1545,22
2018,March,2008,27
2018,April,2460,23
2018,May,2388,41
2018,June,2405,33
2018,July,2281,54
2018,August,2646,68
2018,September,2394,52
2018,October,3190,57
2018,November,3182,59
2018,December,3088,58
2019,January,3175,69
2019,February,2920,65
2019,March,3745,66
2019,April,3603,53
2019,May,3804,56
2019,June,3581,58
2019,July,3203,28
2019,August,3182,46
2019,September,2735,43
2019,October,3309,63
2019,November,3421,43
2019,December,3109,44
2020,January,3745,67
2020,February,3853,75
2020,March,1993,42
